Date,event,sex,Time,Wind,Auto,Athlete,Nationality,time_s,time_m,time_h,time_norm
1891-07-04,100,m,00:00:10.80,NA,NA,Luther Cary,United States,10.8,0.18000000000000002,0.003,1.1273486430062631
1892-09-25,100,m,00:00:10.80,NA,NA,Cecil Lee,United Kingdom,10.8,0.18000000000000002,0.003,1.1273486430062631
1893-08-04,100,m,00:00:10.80,NA,NA,Étienne De Ré,Belgium,10.8,0.18000000000000002,0.003,1.1273486430062631
1895-04-13,100,m,00:00:10.80,NA,NA,L. Atcherley,United Kingdom,10.8,0.18000000000000002,0.003,1.1273486430062631
1895-08-28,100,m,00:00:10.80,NA,NA,Harry Beaton,United Kingdom,10.8,0.18000000000000002,0.003,1.1273486430062631
1896-08-09,100,m,00:00:10.80,NA,NA,Harald Anderson-Arbin,Sweden,10.8,0.18000000000000002,0.003,1.1273486430062631
1898-09-11,100,m,00:00:10.80,NA,NA,Isaac Westergren,Sweden,10.8,0.18000000000000002,0.003,1.1273486430062631
1899-09-10,100,m,00:00:10.80,NA,NA,Isaac Westergren,Sweden,10.8,0.18000000000000002,0.003,1.1273486430062631
1900-07-14,100,m,00:00:10.80,NA,NA,Frank Jarvis,United States,10.8,0.18000000000000002,0.003,1.1273486430062631
1900-07-14,100,m,00:00:10.80,NA,NA,Walter Tewksbury,United States,10.8,0.18000000000000002,0.003,1.1273486430062631
1900-09-23,100,m,00:00:10.80,NA,NA,Carl Ljung,Sweden,10.8,0.18000000000000002,0.003,1.1273486430062631
1900-10-06,100,m,00:00:10.80,NA,NA,Walter Tewksbury,United States,10.8,0.18000000000000002,0.003,1.1273486430062631
1903-06-14,100,m,00:00:10.80,NA,NA,André Passat,France,10.8,0.18000000000000002,0.003,1.1273486430062631
1903-06-14,100,m,00:00:10.80,NA,NA,Louis Kuhn,Switzerland,10.8,0.18000000000000002,0.003,1.1273486430062631
1903-07-05,100,m,00:00:10.80,NA,NA,Harald Grønfeldt,Denmark,10.8,0.18000000000000002,0.003,1.1273486430062631
1903-08-09,100,m,00:00:10.80,NA,NA,Eric Frick,Sweden,10.8,0.18000000000000002,0.003,1.1273486430062631
1906-08-26,100,m,00:00:10.60,NA,NA,Knut Lindberg,Sweden,10.6,0.17666666666666667,0.0029444444444444444,1.1064718162839249
1911-07-09,100,m,00:00:10.50,NA,NA,Emil Ketterer,Germany,10.5,0.175,0.002916666666666667,1.0960334029227556
1911-08-13,100,m,00:00:10.50,NA,NA,Richard Rau,Germany,10.5,0.175,0.002916666666666667,1.0960334029227556
1912-05-12,100,m,00:00:10.50,NA,NA,Richard Rau,Germany,10.5,0.175,0.002916666666666667,1.0960334029227556
1912-05-26,100,m,00:00:10.50,NA,NA,Erwin Kern,Germany,10.5,0.175,0.002916666666666667,1.0960334029227556
1912-07-06,100,m,00:00:10.60,NA,NA,Donald Lippincott,United States,10.6,0.17666666666666667,0.0029444444444444444,1.1064718162839249
1920-09-16,100,m,00:00:10.60,NA,NA,Jackson Scholz,United States,10.6,0.17666666666666667,0.0029444444444444444,1.1064718162839249
1921-04-23,100,m,00:00:10.40,NA,NA,Charley Paddock,United States,10.4,0.17333333333333334,0.002888888888888889,1.0855949895615866
1929-08-08,100,m,00:00:10.40,0.0,NA,Eddie Tolan,United States,10.4,0.17333333333333334,0.002888888888888889,1.0855949895615866
1929-08-25,100,m,00:00:10.40,NA,NA,Eddie Tolan,United States,10.4,0.17333333333333334,0.002888888888888889,1.0855949895615866
1930-08-09,100,m,00:00:10.30,NA,NA,Percy Williams,Canada,10.3,0.1716666666666667,0.002861111111111111,1.0751565762004176
1932-08-01,100,m,00:00:10.30,0.4,10.38,Eddie Tolan,United States,10.3,0.1716666666666667,0.002861111111111111,1.0751565762004176
1933-08-12,100,m,00:00:10.30,NA,NA,Ralph Metcalfe,United States,10.3,0.1716666666666667,0.002861111111111111,1.0751565762004176
1934-08-06,100,m,00:00:10.30,NA,NA,Eulace Peacock,United States,10.3,0.1716666666666667,0.002861111111111111,1.0751565762004176
1934-08-26,100,m,00:00:10.30,NA,NA,Chris Berger,Netherlands,10.3,0.1716666666666667,0.002861111111111111,1.0751565762004176
1934-09-15,100,m,00:00:10.30,NA,NA,Ralph Metcalfe,United States,10.3,0.1716666666666667,0.002861111111111111,1.0751565762004176
1934-09-23,100,m,00:00:10.30,2.0,NA,Ralph Metcalfe,United States,10.3,0.1716666666666667,0.002861111111111111,1.0751565762004176
1935-06-15,100,m,00:00:10.30,2.5,NA,Takayoshi Yoshioka,Japan,10.3,0.1716666666666667,0.002861111111111111,1.0751565762004176
1936-06-20,100,m,00:00:10.20,1.2,NA,Jesse Owens,United States,10.2,0.16999999999999998,0.002833333333333333,1.0647181628392484
1936-09-26,100,m,00:00:10.30,0.5,NA,Lennart Strandberg,Sweden,10.3,0.1716666666666667,0.002861111111111111,1.0751565762004176
1941-06-06,100,m,00:00:10.20,−0.9,NA,Harold Davis,United States,10.2,0.16999999999999998,0.002833333333333333,1.0647181628392484
1948-05-15,100,m,00:00:10.20,0.7,NA,Lloyd LaBeach,Panama,10.2,0.16999999999999998,0.002833333333333333,1.0647181628392484
1948-07-09,100,m,00:00:10.20,NA,10.35,Barney Ewell,United States,10.2,0.16999999999999998,0.002833333333333333,1.0647181628392484
1951-08-25,100,m,00:00:10.20,0.0,NA,McDonald Bailey,Great Britain,10.2,0.16999999999999998,0.002833333333333333,1.0647181628392484
1954-10-31,100,m,00:00:10.20,1.1,NA,Heinz Fütterer,West Germany,10.2,0.16999999999999998,0.002833333333333333,1.0647181628392484
1956-05-19,100,m,00:00:10.20,0.9,NA,Bobby Morrow,United States,10.2,0.16999999999999998,0.002833333333333333,1.0647181628392484
1956-06-01,100,m,00:00:10.20,−1.0,NA,Ira Murchison,United States,10.2,0.16999999999999998,0.002833333333333333,1.0647181628392484
1956-06-22,100,m,00:00:10.20,0.0,NA,Bobby Morrow,United States,10.2,0.16999999999999998,0.002833333333333333,1.0647181628392484
1956-06-29,100,m,00:00:10.20,−1.3,NA,Ira Murchison,United States,10.2,0.16999999999999998,0.002833333333333333,1.0647181628392484
1956-06-29,100,m,00:00:10.20,−0.4,NA,Bobby Morrow,United States,10.2,0.16999999999999998,0.002833333333333333,1.0647181628392484
1956-08-03,100,m,00:00:10.10,0.7,NA,Willie Williams,United States,10.1,0.16833333333333333,0.0028055555555555555,1.0542797494780793
1956-08-04,100,m,00:00:10.10,1.0,NA,Ira Murchison,United States,10.1,0.16833333333333333,0.0028055555555555555,1.0542797494780793
1956-10-20,100,m,00:00:10.10,1.5,NA,Leamon King,United States,10.1,0.16833333333333333,0.0028055555555555555,1.0542797494780793
1956-10-27,100,m,00:00:10.10,0.9,NA,Leamon King,United States,10.1,0.16833333333333333,0.0028055555555555555,1.0542797494780793
1959-04-18,100,m,00:00:10.10,1.3,NA,Ray Norton,United States,10.1,0.16833333333333333,0.0028055555555555555,1.0542797494780793
1960-06-21,100,m,00:00:10.00,0.9,10.25,Armin Hary,West Germany,10,0.16666666666666666,0.002777777777777778,1.0438413361169103
1960-07-15,100,m,00:00:10.00,1.8,NA,Harry Jerome,Canada,10,0.16666666666666666,0.002777777777777778,1.0438413361169103
1964-08-15,100,m,00:00:10.00,0.0,NA,Horacio Esteves,Venezuela,10,0.16666666666666666,0.002777777777777778,1.0438413361169103
1964-10-15,100,m,00:00:10.06,1.3,NA,Bob Hayes,United States,10.06,0.16766666666666669,0.0027944444444444444,1.0501043841336117
1964-10-15,100,m,00:00:10.00,1.3,10.06,Bob Hayes,United States,10,0.16666666666666666,0.002777777777777778,1.0438413361169103
1967-05-27,100,m,00:00:10.00,2.0,10.17,Jim Hines,United States,10,0.16666666666666666,0.002777777777777778,1.0438413361169103
1967-06-17,100,m,00:00:10.00,1.8,NA,Enrique Figuerola,Cuba,10,0.16666666666666666,0.002777777777777778,1.0438413361169103
1968-04-02,100,m,00:00:10.00,0.0,NA,Paul Nash,South Africa,10,0.16666666666666666,0.002777777777777778,1.0438413361169103
1968-05-31,100,m,00:00:10.00,1.1,NA,Oliver Ford,United States,10,0.16666666666666666,0.002777777777777778,1.0438413361169103
1968-06-20,100,m,00:00:10.03,0.8,NA,Jim Hines,United States,10.03,0.16716666666666666,0.0027861111111111107,1.0469728601252608
1968-06-20,100,m,00:00:10.00,2.0,10.20,Charles Greene,United States,10,0.16666666666666666,0.002777777777777778,1.0438413361169103
1968-06-20,100,m,00:00:10.00,2.0,10.28,Roger Bambuck,France,10,0.16666666666666666,0.002777777777777778,1.0438413361169103
1968-06-20,100,m,00:00:09.90,0.8,10.03,Jim Hines,United States,9.9,0.165,0.0027500000000000003,1.033402922755741
1968-06-20,100,m,00:00:09.90,0.8,10.14,Ronnie Ray Smith,United States,9.9,0.165,0.0027500000000000003,1.033402922755741
1968-06-20,100,m,00:00:09.90,0.9,10.10,Charles Greene,United States,9.9,0.165,0.0027500000000000003,1.033402922755741
1968-10-13,100,m,00:00:10.02,2.0,NA,Charles Greene,United States,10.02,0.16699999999999998,0.0027833333333333334,1.045929018789144
1968-10-14,100,m,00:00:09.95,0.3,NA,Jim Hines,United States,9.95,0.16583333333333333,0.0027638888888888886,1.0386221294363256
1968-10-14,100,m,00:00:09.90,0.3,9.95,Jim Hines,United States,9.9,0.165,0.0027500000000000003,1.033402922755741
1972-07-01,100,m,00:00:09.90,0.0,NA,Eddie Hart,United States,9.9,0.165,0.0027500000000000003,1.033402922755741
1972-07-01,100,m,00:00:09.90,0.0,NA,Rey Robinson,United States,9.9,0.165,0.0027500000000000003,1.033402922755741
1974-06-21,100,m,00:00:09.90,1.3,NA,Steve Williams,United States,9.9,0.165,0.0027500000000000003,1.033402922755741
1975-06-05,100,m,00:00:09.90,1.7,NA,Silvio Leonard,Cuba,9.9,0.165,0.0027500000000000003,1.033402922755741
1975-07-16,100,m,00:00:09.90,0.0,NA,Steve Williams,United States,9.9,0.165,0.0027500000000000003,1.033402922755741
1975-08-22,100,m,00:00:09.90,−0.2,NA,Steve Williams,United States,9.9,0.165,0.0027500000000000003,1.033402922755741
1976-03-27,100,m,00:00:09.90,0.7,NA,Steve Williams,United States,9.9,0.165,0.0027500000000000003,1.033402922755741
1976-04-03,100,m,00:00:09.90,0.7,NA,Harvey Glance,United States,9.9,0.165,0.0027500000000000003,1.033402922755741
1976-05-01,100,m,00:00:09.90,NA,NA,Harvey Glance,United States,9.9,0.165,0.0027500000000000003,1.033402922755741
1976-05-22,100,m,00:00:09.90,1.7,NA,Don Quarrie,Jamaica,9.9,0.165,0.0027500000000000003,1.033402922755741
1983-07-03,100,m,00:00:09.93,1.4,NA,Calvin Smith,United States,9.93,0.1655,0.002758333333333333,1.0365344467640918
1987-08-30,100,m,00:00:09.83,1.0,NA,Ben Johnson,Canada,9.83,0.16383333333333333,0.0027305555555555555,1.0260960334029228
1987-08-30,100,m,00:00:09.93,1.0,NA,Carl Lewis,United States,9.93,0.1655,0.002758333333333333,1.0365344467640918
1988-08-17,100,m,00:00:09.93,1.1,NA,Carl Lewis,United States,9.93,0.1655,0.002758333333333333,1.0365344467640918
1988-09-24,100,m,00:00:09.79,1.1,NA,Ben Johnson,Canada,9.79,0.16316666666666665,0.002719444444444444,1.021920668058455
1988-09-24,100,m,00:00:09.92,1.1,NA,Carl Lewis,United States,9.92,0.16533333333333333,0.0027555555555555554,1.0354906054279749
1991-06-14,100,m,00:00:09.90,1.9,NA,Leroy Burrell,United States,9.9,0.165,0.0027500000000000003,1.033402922755741
1991-08-25,100,m,00:00:09.86,1.2 [a],NA,Carl Lewis,United States,9.86,0.16433333333333333,0.002738888888888889,1.0292275574112735
1994-07-06,100,m,00:00:09.85,1.2,NA,Leroy Burrell,United States,9.85,0.16416666666666666,0.002736111111111111,1.0281837160751566
1996-07-27,100,m,00:00:09.84,0.7,9.835,Donovan Bailey,Canada,9.84,0.164,0.0027333333333333333,1.0271398747390397
1999-06-16,100,m,00:00:09.79,0.1,NA,Maurice Greene,United States,9.79,0.16316666666666665,0.002719444444444444,1.021920668058455
2002-09-14,100,m,00:00:09.78,2.0,NA,Tim Montgomery,United States,9.78,0.16299999999999998,0.0027166666666666663,1.020876826722338
2005-06-14,100,m,00:00:09.77,1.6,9.768,Asafa Powell,Jamaica,9.77,0.16283333333333333,0.002713888888888889,1.0198329853862211
2006-05-12,100,m,00:00:09.77,1.7,9.766,Justin Gatlin,United States,9.77,0.16283333333333333,0.002713888888888889,1.0198329853862211
2006-06-11,100,m,00:00:09.77,1.5,9.763,Asafa Powell,Jamaica,9.77,0.16283333333333333,0.002713888888888889,1.0198329853862211
2006-08-18,100,m,00:00:09.77,1.0,9.762,Asafa Powell,Jamaica,9.77,0.16283333333333333,0.002713888888888889,1.0198329853862211
2007-09-09,100,m,00:00:09.74,1.7,9.735,Asafa Powell,Jamaica,9.74,0.16233333333333333,0.0027055555555555557,1.0167014613778707
2008-05-31,100,m,00:00:09.72,1.7,NA,Usain Bolt,Jamaica,9.72,0.162,0.0027,1.0146137787056368
2008-08-16,100,m,00:00:09.69,0.0,9.683,Usain Bolt,Jamaica,9.69,0.1615,0.0026916666666666664,1.011482254697286
2009-08-16,100,m,00:00:09.58,0.9,9.572,Usain Bolt,Jamaica,9.58,0.15966666666666668,0.002661111111111111,1
1922-08-05,100,w,00:00:13.60,NA,NA,Marie Mejzlíková II,Czechoslovakia,13.6,0.22666666666666666,0.0037777777777777775,1.2964728312678742
1922-08-20,100,w,00:00:12.80,NA,NA,Mary Lines,United Kingdom,12.8,0.21333333333333335,0.0035555555555555557,1.2202097235462346
1923-05-13,100,w,00:00:12.80,NA,NA,Marie Mejzlíková,Czechoslovakia,12.8,0.21333333333333335,0.0035555555555555557,1.2202097235462346
1923-05-21,100,w,00:00:12.70,NA,NA,Emmi Haux,Germany,12.7,0.21166666666666664,0.0035277777777777777,1.2106768350810295
1925-08-30,100,w,00:00:12.40,NA,NA,Leni Schmidt,Germany,12.4,0.20666666666666667,0.0034444444444444444,1.1820781696854148
1925-09-13,100,w,00:00:12.20,NA,NA,Leni Junker,Germany,12.2,0.2033333333333333,0.0033888888888888888,1.1630123927550047
1926-08-22,100,w,00:00:12.40,NA,NA,Gundel Wittmann,Germany,12.4,0.20666666666666667,0.0034444444444444444,1.1820781696854148
1926-08-29,100,w,00:00:12.20,NA,NA,Leni Junker,Germany,12.2,0.2033333333333333,0.0033888888888888888,1.1630123927550047
1927-07-03,100,w,00:00:12.10,NA,NA,Gertrud Gladitsch,Germany,12.1,0.20166666666666666,0.003361111111111111,1.1534795042897998
1928-05-20,100,w,00:00:12.20,NA,NA,Kinue Hitomi,Japan,12.2,0.2033333333333333,0.0033888888888888888,1.1630123927550047
1928-06-02,100,w,00:00:12.00,NA,NA,Betty Robinson,United States,12,0.2,0.0033333333333333335,1.1439466158245948
1928-07-02,100,w,00:00:12.00,NA,NA,Myrtle Cook,Canada,12,0.2,0.0033333333333333335,1.1439466158245948
1930-08-31,100,w,00:00:12.00,NA,NA,Tollien Schuurman,Netherlands,12,0.2,0.0033333333333333335,1.1439466158245948
1931-08-01,100,w,00:00:12.00,NA,NA,Leni Junker,Germany,12,0.2,0.0033333333333333335,1.1439466158245948
1932-06-05,100,w,00:00:11.90,NA,NA,Tollien Schuurman,Netherlands,11.9,0.19833333333333333,0.0033055555555555555,1.13441372735939
1932-08-01,100,w,00:00:11.90,NA,NA,Stanisława Walasiewicz[2],Poland,11.9,0.19833333333333333,0.0033055555555555555,1.13441372735939
1932-08-02,100,w,00:00:11.90,NA,NA,Hilda Strike,Canada,11.9,0.19833333333333333,0.0033055555555555555,1.13441372735939
1933-09-17,100,w,00:00:11.80,NA,NA,Stanisława Walasiewicz[2],Poland,11.8,0.19666666666666668,0.003277777777777778,1.1248808388941849
1934-08-11,100,w,00:00:11.90,NA,NA,Käthe Krauß,Germany,11.9,0.19833333333333333,0.0033055555555555555,1.13441372735939
1934-08-26,100,w,00:00:11.70,NA,NA,Stanisława Walasiewicz[2],Poland,11.7,0.19499999999999998,0.00325,1.1153479504289798
1935-04-10,100,w,00:00:11.90,NA,NA,Helen Stephens,United States,11.9,0.19833333333333333,0.0033055555555555555,1.13441372735939
1935-06-01,100,w,00:00:11.80,NA,NA,Helen Stephens,United States,11.8,0.19666666666666668,0.003277777777777778,1.1248808388941849
1935-06-08,100,w,00:00:11.60,NA,NA,Helen Stephens,United States,11.6,0.19333333333333333,0.0032222222222222222,1.105815061963775
1936-08-10,100,w,00:00:11.50,NA,NA,Helen Stephens,United States,11.5,0.19166666666666668,0.0031944444444444446,1.09628217349857
1937-08-01,100,w,00:00:11.60,NA,NA,Stanisława Walasiewicz[2],Poland,11.6,0.19333333333333333,0.0032222222222222222,1.105815061963775
1939-05-06,100,w,00:00:11.50,NA,NA,Lulu Mae Hymes,United States,11.5,0.19166666666666668,0.0031944444444444446,1.09628217349857
1939-05-06,100,w,00:00:11.50,NA,NA,Rowena Harrison,United States,11.5,0.19166666666666668,0.0031944444444444446,1.09628217349857
1943-09-05,100,w,00:00:11.50,NA,NA,Fanny Blankers-Koen,Netherlands,11.5,0.19166666666666668,0.0031944444444444446,1.09628217349857
1948-06-13,100,w,00:00:11.50,NA,NA,Fanny Blankers-Koen,Netherlands,11.5,0.19166666666666668,0.0031944444444444446,1.09628217349857
1952-07-22,100,w,00:00:11.50,1.7,11.65,Marjorie Jackson,Australia,11.5,0.19166666666666668,0.0031944444444444446,1.09628217349857
1952-10-04,100,w,00:00:11.40,1.7,NA,Marjorie Jackson,Australia,11.4,0.19,0.0031666666666666666,1.086749285033365
1955-08-04,100,w,00:00:11.30,1.4,NA,Shirley Strickland,Australia,11.3,0.18833333333333335,0.003138888888888889,1.0772163965681603
1958-09-13,100,w,00:00:11.30,1.4,NA,Vera Krepkina,Soviet Union,11.3,0.18833333333333335,0.003138888888888889,1.0772163965681603
1960-09-02,100,w,00:00:11.30,0.8,11.41,Wilma Rudolph,United States,11.3,0.18833333333333335,0.003138888888888889,1.0772163965681603
1961-07-19,100,w,00:00:11.20,0.7,NA,Wilma Rudolph,United States,11.2,0.18666666666666665,0.003111111111111111,1.0676835081029552
1964-10-15,100,w,00:00:11.20,0.2,11.23,Wyomia Tyus,United States,11.2,0.18666666666666665,0.003111111111111111,1.0676835081029552
1965-07-09,100,w,00:00:11.10,2.0,NA,Irena Kirszenstein,Poland,11.1,0.185,0.0030833333333333333,1.0581506196377501
1965-07-09,100,w,00:00:11.10,2.0,NA,Ewa Klobukowska,Poland,11.1,0.185,0.0030833333333333333,1.0581506196377501
1965-07-31,100,w,00:00:11.10,0.2,NA,Wyomia Tyus,United States,11.1,0.185,0.0030833333333333333,1.0581506196377501
1967-07-02,100,w,00:00:11.10,0.3,NA,Barbara Ferrell,United States,11.1,0.185,0.0030833333333333333,1.0581506196377501
1968-04-21,100,w,00:00:11.10,NA,NA,Wyomia Tyus,United States,11.1,0.185,0.0030833333333333333,1.0581506196377501
1968-08-15,100,w,00:00:11.10,0.0,NA,Lyudmila Samotyosova,Soviet Union,11.1,0.185,0.0030833333333333333,1.0581506196377501
1968-08-18,100,w,00:00:11.10,NA,NA,Margaret Bailes,United States,11.1,0.185,0.0030833333333333333,1.0581506196377501
1968-10-14,100,w,00:00:11.10,NA,NA,Barbara Ferrell,United States,11.1,0.185,0.0030833333333333333,1.0581506196377501
1968-10-14,100,w,00:00:11.10,1.8,11.20,Irena Szewińska,Poland,11.1,0.185,0.0030833333333333333,1.0581506196377501
1968-10-15,100,w,00:00:11.07,1.2,NA,Wyomia Tyus,United States,11.07,0.1845,0.003075,1.0552907530981888
1968-10-15,100,w,00:00:11.00,1.2,11.08(adjusted),Wyomia Tyus,United States,11,0.18333333333333332,0.0030555555555555557,1.0486177311725453
1970-07-18,100,w,00:00:11.00,1.9,11.22,Chi Cheng,Republic of China (Taiwan),11,0.18333333333333332,0.0030555555555555557,1.0486177311725453
1970-08-02,100,w,00:00:11.00,1.9,NA,Renate Meißner,East Germany,11,0.18333333333333332,0.0030555555555555557,1.0486177311725453
1971-07-31,100,w,00:00:11.00,1.7,NA,Renate Stecher (née Meißner),East Germany,11,0.18333333333333332,0.0030555555555555557,1.0486177311725453
1972-06-03,100,w,00:00:11.00,−1.5,NA,Renate Stecher (née Meißner),East Germany,11,0.18333333333333332,0.0030555555555555557,1.0486177311725453
1972-06-15,100,w,00:00:11.00,1.9,NA,Ellen Strophal,East Germany,11,0.18333333333333332,0.0030555555555555557,1.0486177311725453
1972-07-01,100,w,00:00:11.00,1.4,NA,Eva Glesková,Czechoslovakia,11,0.18333333333333332,0.0030555555555555557,1.0486177311725453
1972-09-02,100,w,00:00:11.07,0.2,NA,Renate Stecher (née Meißner),East Germany,11.07,0.1845,0.003075,1.0552907530981888
1973-06-07,100,w,00:00:10.90,1.9,NA,Renate Stecher (née Meißner),East Germany,10.9,0.18166666666666667,0.0030277777777777777,1.0390848427073403
1973-06-30,100,w,00:00:10.90,NA,NA,Renate Stecher (née Meißner),East Germany,10.9,0.18166666666666667,0.0030277777777777777,1.0390848427073403
1973-07-20,100,w,00:00:10.80,1.8,11.07,Renate Stecher (née Meißner),East Germany,10.8,0.18000000000000002,0.003,1.0295519542421354
1976-06-13,100,w,00:00:11.04,0.6,NA,Inge Helten,West Germany,11.04,0.184,0.0030666666666666663,1.0524308865586272
1976-07-25,100,w,00:00:11.01,0.6,NA,Annegret Richter,West Germany,11.01,0.1835,0.0030583333333333335,1.0495710200190658
1977-07-01,100,w,00:00:10.88,2.0,NA,Marlies Oelsner,East Germany,10.88,0.18133333333333335,0.0030222222222222226,1.0371782650142993
1982-07-09,100,w,00:00:10.88,1.9,NA,Marlies Göhr,East Germany,10.88,0.18133333333333335,0.0030222222222222226,1.0371782650142993
1983-06-08,100,w,00:00:10.81,1.7,NA,Marlies Göhr,East Germany,10.81,0.18016666666666667,0.003002777777777778,1.0305052430886559
1983-07-03,100,w,00:00:10.79,0.6,NA,Evelyn Ashford,United States,10.79,0.17983333333333332,0.002997222222222222,1.0285986653956147
1984-08-22,100,w,00:00:10.76,1.7,NA,Evelyn Ashford,United States,10.76,0.17933333333333332,0.002988888888888889,1.0257387988560533
1988-07-16,100,w,00:00:10.49,0.0*,NA,Florence Griffith-Joyner,United States,10.49,0.17483333333333334,0.002913888888888889,1
1988-07-17,100,w,00:00:10.70,1.6,NA,Florence Griffith-Joyner,United States,10.7,0.17833333333333332,0.002972222222222222,1.0200190657769304
1988-07-17,100,w,00:00:10.61,1.2,NA,Florence Griffith-Joyner,United States,10.61,0.17683333333333331,0.002947222222222222,1.011439466158246
1900-09-29,400,m,00:00:47.80,NA,NA,Maxie Long,United States,47.8,0.7966666666666666,0.013277777777777777,1.1108528933302346
1912-07-13,400,m,00:00:48.20,NA,NA,Charles Reidpath,United States,48.2,0.8033333333333333,0.01338888888888889,1.1201487334417848
1916-05-27,400,m,00:00:47.40,NA,NA,Ted Meredith,United States,47.4,0.7899999999999999,0.013166666666666667,1.1015570532186845
1924-07-11,400,m,00:00:47.60,NA,NA,Eric Liddell,United Kingdom,47.6,0.7933333333333333,0.013222222222222222,1.1062049732744597
1928-05-12,400,m,00:00:47.00,NA,NA,Emerson Spencer,United States,47,0.7833333333333333,0.013055555555555556,1.0922612131071345
1932-03-26,400,m,00:00:46.40,NA,NA,Ben Eastman,United States,46.4,0.7733333333333333,0.012888888888888889,1.0783174529398094
1932-08-05,400,m,00:00:46.20,NA,46.28,Bill Carr,United States,46.2,0.77,0.012833333333333334,1.0736695328840344
1936-06-19,400,m,00:00:46.10,NA,NA,Archie Williams,United States,46.1,0.7683333333333333,0.012805555555555556,1.071345572856147
1939-08-12,400,m,00:00:46.00,NA,NA,Rudolf Harbig,Germany,46,0.7666666666666667,0.012777777777777779,1.0690216128282592
1941-06-06,400,m,00:00:46.00,NA,NA,Grover Klemmer,United States,46,0.7666666666666667,0.012777777777777779,1.0690216128282592
1948-06-05,400,m,00:00:46.00,NA,NA,Herb McKenley,Jamaica,46,0.7666666666666667,0.012777777777777779,1.0690216128282592
1948-07-02,400,m,00:00:45.90,NA,46.00,Herb McKenley,Jamaica,45.9,0.765,0.01275,1.0666976528003718
1950-08-22,400,m,00:00:45.80,NA,NA,George Rhoden,Jamaica,45.8,0.7633333333333333,0.012722222222222222,1.0643736927724843
1955-03-18,400,m,00:00:45.40,NA,45.68,Lou Jones,United States,45.4,0.7566666666666666,0.012611111111111111,1.0550778526609341
1956-06-30,400,m,00:00:45.20,NA,NA,Lou Jones,United States,45.2,0.7533333333333334,0.012555555555555556,1.0504299326051592
1960-09-06,400,m,00:00:44.90,NA,45.07,Otis Davis,United States,44.9,0.7483333333333333,0.012472222222222221,1.0434580525214965
1960-09-06,400,m,00:00:44.90,NA,45.08,Carl Kaufmann,Germany,44.9,0.7483333333333333,0.012472222222222221,1.0434580525214965
1963-05-25,400,m,00:00:44.90,NA,NA,Adolph Plummer,United States,44.9,0.7483333333333333,0.012472222222222221,1.0434580525214965
1964-09-12,400,m,00:00:44.90,NA,NA,Mike Larrabee,United States,44.9,0.7483333333333333,0.012472222222222221,1.0434580525214965
1967-05-20,400,m,00:00:44.50,NA,NA,Tommie Smith,United States,44.5,0.7416666666666667,0.012361111111111111,1.0341622124099465
1968-09-14,400,m,00:00:44.10,NA,44.19,Larry James,United States,44.1,0.735,0.01225,1.0248663722983964
1968-10-18,400,m,00:00:43.86,NA,NA,Lee Evans,United States,43.86,0.731,0.012183333333333332,1.0192888682314665
1968-10-18,400,m,00:00:43.80,NA,43.86,Lee Evans,United States,43.8,0.73,0.012166666666666666,1.0178944922147337
1988-08-17,400,m,00:00:43.29,NA,NA,Butch Reynolds,United States,43.29,0.7215,0.012025,1.0060422960725075
1999-08-26,400,m,00:00:43.18,NA,NA,Michael Johnson,United States,43.18,0.7196666666666667,0.011994444444444445,1.0034859400418312
2016-08-14,400,m,00:00:43.03,NA,NA,Wayde van Niekerk,South Africa,43.03,0.7171666666666667,0.011952777777777777,1
1957-01-06,400,w,00:00:57.00,NA,NA,Marlene Mathews,Australia,57,0.95,0.015833333333333335,1.1974789915966386
1957-02-16,400,w,00:00:57.00,NA,NA,Marise Chamberlain,New Zealand,57,0.95,0.015833333333333335,1.1974789915966386
1957-02-24,400,w,00:00:56.30,NA,NA,Nancy Boyle,Australia,56.3,0.9383333333333332,0.01563888888888889,1.1827731092436973
1957-05-10,400,w,00:00:55.20,NA,NA,Polina Lazareva,Soviet Union,55.2,0.92,0.015333333333333334,1.1596638655462186
1957-06-06,400,w,00:00:54.00,NA,NA,Mariya Itkina,Soviet Union,54,0.9,0.015,1.134453781512605
1957-07-06,400,w,00:00:53.60,NA,NA,Mariya Itkina,Soviet Union,53.6,0.8933333333333333,0.014888888888888889,1.1260504201680672
1959-09-12,400,w,00:00:53.40,NA,NA,Mariya Itkina,Soviet Union,53.4,0.89,0.014833333333333334,1.1218487394957983
1962-09-14,400,w,00:00:53.40,NA,NA,Mariya Itkina,Soviet Union,53.4,0.89,0.014833333333333334,1.1218487394957983
1962-10-23,400,w,00:00:51.90,NA,NA,Shin Geum-Dan,North Korea,51.9,0.865,0.014416666666666666,1.0903361344537814
1969-09-18,400,w,00:00:51.70,NA,51.72,Nicole Duclos,France,51.7,0.8616666666666667,0.014361111111111113,1.0861344537815127
1969-09-18,400,w,00:00:51.70,NA,51.74,Colette Besson,France,51.7,0.8616666666666667,0.014361111111111113,1.0861344537815127
1970-07-23,400,w,00:00:51.00,NA,51.02,Marilyn Neufville,Jamaica,51,0.85,0.014166666666666666,1.0714285714285714
1972-07-04,400,w,00:00:51.00,NA,51.08,Monika Zehrt,East Germany,51,0.85,0.014166666666666666,1.0714285714285714
1974-06-22,400,w,00:00:49.90,NA,NA,Irena Szewińska,Poland,49.9,0.8316666666666667,0.01386111111111111,1.0483193277310923
1974-09-04,400,w,00:00:50.14,NA,NA,Riitta Salin,Finland,50.14,0.8356666666666667,0.013927777777777779,1.0533613445378152
1976-05-09,400,w,00:00:49.77,NA,NA,Christina Brehmer,East Germany,49.77,0.8295,0.013825,1.0455882352941177
1976-06-22,400,w,00:00:49.75,NA,NA,Irena Szewińska,Poland,49.75,0.8291666666666667,0.013819444444444445,1.0451680672268908
1976-07-29,400,w,00:00:49.29,NA,NA,Irena Szewińska,Poland,49.29,0.8215,0.013691666666666666,1.0355042016806721
1978-07-02,400,w,00:00:49.19,NA,NA,Marita Koch,East Germany,49.19,0.8198333333333333,0.013663888888888889,1.0334033613445377
1978-08-19,400,w,00:00:49.03,NA,NA,Marita Koch,East Germany,49.03,0.8171666666666667,0.013619444444444444,1.0300420168067226
1978-08-31,400,w,00:00:48.94,NA,NA,Marita Koch,East Germany,48.94,0.8156666666666667,0.013594444444444444,1.0281512605042016
1979-07-29,400,w,00:00:48.89,NA,NA,Marita Koch,East Germany,48.89,0.8148333333333333,0.013580555555555556,1.0271008403361344
1979-08-04,400,w,00:00:48.60,NA,NA,Marita Koch,East Germany,48.6,0.81,0.0135,1.0210084033613445
1982-09-08,400,w,00:00:48.16,NA,NA,Marita Koch,East Germany,48.16,0.8026666666666666,0.013377777777777777,1.011764705882353
1983-08-10,400,w,00:00:47.99,NA,NA,Jarmila Kratochvílová,Czechoslovakia,47.99,0.7998333333333334,0.013330555555555556,1.0081932773109243
1985-10-06,400,w,00:00:47.60,NA,NA,Marita Koch,East Germany,47.6,0.7933333333333333,0.013222222222222222,1
1908-07-24,marathon,m,02:55:18.40,NA,NA,Johnny Hayes,United States,10518.4,175.30666666666667,2.921777777777778,1.4410741197424304
1909-01-01,marathon,m,02:52:45.40,NA,NA,Robert Fowler,United States,10365.4,172.75666666666666,2.879277777777778,1.4201123441567338
1909-02-12,marathon,m,02:46:52.80,NA,NA,James Clark,United States,10012.8,166.88,2.781333333333333,1.3718043567612002
1909-05-08,marathon,m,02:46:04.60,NA,NA,Albert Raines,United States,9964.6,166.07666666666668,2.7679444444444448,1.3652007124263599
1909-05-26,marathon,m,02:42:31.00,NA,NA,Henry Barrett,United Kingdom,9751,162.51666666666668,2.7086111111111113,1.335936429647897
1909-08-31,marathon,m,02:40:34.20,NA,NA,Thure Johansson,Sweden,9634.2,160.57000000000002,2.676166666666667,1.3199342375667902
1913-05-12,marathon,m,02:38:16.20,NA,NA,Harry Green,United Kingdom,9496.2,158.27,2.6378333333333335,1.3010275380189067
1913-05-31,marathon,m,02:36:06.60,NA,NA,Alexis Ahlgren,Sweden,9366.6,156.11,2.6018333333333334,1.283271681052199
1914-11-29,marathon,m,02:38:00.80,NA,NA,Umberto Blasi,Italy,9480.8,158.01333333333332,2.633555555555555,1.2989176599534182
1920-08-22,marathon,m,02:32:35.80,NA,NA,Hannes Kolehmainen,Finland,9155.8,152.59666666666666,2.5432777777777775,1.254391012467461
1925-10-12,marathon,m,02:29:01.80,NA,NA,Albert Michelsen,United States,8941.8,149.03,2.483833333333333,1.2250719276613233
1929-07-05,marathon,m,02:30:57.60,NA,NA,Harry Payne,United Kingdom,9057.6,150.96,2.516,1.2409371146732429
1935-03-21,marathon,m,02:26:14.00,NA,NA,Sohn Kee-chung,Japanese Korea,8774,146.23333333333332,2.437222222222222,1.202082477051651
1935-03-31,marathon,m,02:27:49.00,NA,NA,Fusashige Suzuki,Japan,8869,147.81666666666666,2.463611111111111,1.215097958624469
1935-04-03,marathon,m,02:26:44.00,NA,NA,Yasuo Ikenaka,Japan,8804,146.73333333333332,2.4455555555555555,1.2061926291272778
1935-11-03,marathon,m,02:26:42.00,NA,NA,Sohn Kee-chung,Japanese Korea,8802,146.7,2.445,1.2059186189889026
1947-04-19,marathon,m,02:25:39.00,NA,NA,Suh Yun-bok,Korea,8739,145.65,2.4275,1.1972872996300863
1952-06-14,marathon,m,02:20:42.20,NA,NA,Jim Peters,United Kingdom,8442.2,140.70333333333335,2.3450555555555557,1.1566241950952185
1953-06-13,marathon,m,02:18:40.40,NA,NA,Jim Peters,United Kingdom,8320.4,138.67333333333332,2.3112222222222223,1.1399369776681736
1953-10-04,marathon,m,02:18:34.80,NA,NA,Jim Peters,United Kingdom,8314.8,138.57999999999998,2.3096666666666663,1.1391697492807233
1954-06-26,marathon,m,02:17:39.40,NA,NA,Jim Peters,United Kingdom,8259.4,137.65666666666667,2.294277777777778,1.1315796684477326
1956-08-12,marathon,m,02:18:04.80,NA,NA,Paavo Kotila,Finland,8284.8,138.07999999999998,2.301333333333333,1.1350595972050965
1958-08-24,marathon,m,02:15:17.00,NA,NA,Sergei Popov,Soviet Union,8117,135.28333333333333,2.254722222222222,1.1120701465954241
1960-09-10,marathon,m,02:15:16.20,NA,NA,Abebe Bikila,Ethiopia,8116.2,135.27,2.2545,1.111960542540074
1963-02-17,marathon,m,02:15:15.80,NA,NA,Toru Terasawa,Japan,8115.8,135.26333333333335,2.2543888888888888,1.1119057405123989
1963-06-15,marathon,m,02:14:28.00,NA,NA,Leonard Edelen,United States,8068,134.46666666666667,2.241111111111111,1.1053568982052335
1963-07-06,marathon,m,02:14:43.00,NA,NA,Brian Kilby,United Kingdom,8083,134.71666666666667,2.245277777777778,1.107411974243047
1964-06-13,marathon,m,02:13:55.00,NA,NA,Basil Heatley,United Kingdom,8035,133.91666666666666,2.2319444444444443,1.100835730922044
1964-10-21,marathon,m,02:12:11.20,NA,NA,Abebe Bikila,Ethiopia,7931.2,132.18666666666667,2.2031111111111112,1.0866146047403753
1965-06-12,marathon,m,02:12:00.00,NA,NA,Morio Shigematsu,Japan,7920,132,2.2,1.0850801479654748
1967-12-03,marathon,m,02:09:36.40,NA,NA,Derek Clayton,Australia,7776.4,129.60666666666665,2.160111111111111,1.065406220030141
1969-05-30,marathon,m,02:08:33.60,NA,NA,Derek Clayton,Australia,7713.6,128.56,2.142666666666667,1.0568023016851624
1970-07-23,marathon,m,02:09:28.80,NA,NA,Ron Hill,United Kingdom,7768.8,129.48,2.158,1.0643649815043157
1974-01-31,marathon,m,02:09:12.00,NA,NA,Ian Thompson,United Kingdom,7752,129.2,2.1533333333333333,1.0620632963419647
1978-02-05,marathon,m,02:09:05.60,NA,NA,Shigeru So,Japan,7745.6,129.09333333333333,2.1515555555555554,1.0611864638991644
1980-04-26,marathon,m,02:09:01.00,NA,NA,Gerard Nijboer,Netherlands,7741,129.01666666666668,2.1502777777777777,1.0605562405809015
1981-12-06,marathon,m,02:08:18.00,NA,NA,Robert De Castella,Australia,7698,128.3,2.138333333333333,1.0546650226058365
1984-10-21,marathon,m,02:08:05.00,NA,NA,Steve Jones,United Kingdom,7685,128.08333333333334,2.1347222222222224,1.0528839567063981
1985-04-20,marathon,m,02:07:12.00,NA,NA,Carlos Lopes,Portugal,7632,127.2,2.12,1.0456226880394575
1988-04-17,marathon,m,02:06:50.00,NA,NA,Belayneh Dinsamo,Ethiopia,7610,126.83333333333333,2.113888888888889,1.0426085765173312
1998-09-20,marathon,m,02:06:05.00,NA,NA,Ronaldo da Costa,Brazil,7565,126.08333333333333,2.1013888888888888,1.0364433484038909
1999-10-24,marathon,m,02:05:42.00,NA,NA,Khalid Khannouchi,Morocco,7542,125.7,2.095,1.033292231812577
2002-04-14,marathon,m,02:05:38.00,NA,NA,Khalid Khannouchi,United States,7538,125.63333333333334,2.093888888888889,1.0327442115358267
2003-09-28,marathon,m,02:04:55.00,NA,NA,Paul Tergat,Kenya,7495,124.91666666666667,2.0819444444444444,1.0268529935607618
2007-09-30,marathon,m,02:04:26.00,NA,NA,Haile Gebrselassie,Ethiopia,7466,124.43333333333334,2.073888888888889,1.0228798465543225
2008-09-28,marathon,m,02:03:59.00,NA,NA,Haile Gebrselassie,Ethiopia,7439,123.98333333333333,2.066388888888889,1.0191807096862584
2011-09-25,marathon,m,02:03:38.00,NA,NA,Patrick Makau,Kenya,7418,123.63333333333334,2.0605555555555557,1.0163036032333197
2013-09-29,marathon,m,02:03:23.00,NA,NA,Wilson Kipsang,Kenya,7403,123.38333333333334,2.056388888888889,1.0142485271955062
2014-09-28,marathon,m,02:02:57.00,NA,NA,Dennis Kimetto,Kenya,7377,122.95,2.049166666666667,1.0106863953966296
2018-09-16,marathon,m,02:01:39.00,NA,NA,Eliud Kipchoge,Kenya,7299,121.65,2.0275,1
1918-09-29,marathon,w,05:40:30.00,NA,NA,Marie-Louise Ledru,France,20430,340.5,5.675,2.5397812033814025
1926-10-03,marathon,w,03:40:22.00,NA,NA,Violet Piercy,United Kingdom,13222,220.36666666666667,3.6727777777777777,1.6437095972153157
1963-12-16,marathon,w,03:37:07.00,NA,NA,Merry Lepper,United States,13027,217.11666666666667,3.618611111111111,1.6194679264047738
1964-05-23,marathon,w,03:27:45.00,NA,NA,Dale Greig,United Kingdom,12465,207.75,3.4625,1.5496021879661859
1964-07-21,marathon,w,03:19:33.00,NA,NA,Mildred Sampson,New Zealand,11973,199.55,3.325833333333333,1.4884385877672799
1967-05-06,marathon,w,03:14:23.00,NA,NA,Maureen Wilton,Canada,11663,194.38333333333333,3.2397222222222224,1.4499005469915465
1967-09-16,marathon,w,03:07:27.20,NA,NA,Anni Pede-Erdkamp,West Germany,11247.2,187.45333333333335,3.1242222222222225,1.398209845847837
1970-02-28,marathon,w,03:02:53.00,NA,NA,Caroline Walker,United States,10973,182.88333333333333,3.0480555555555555,1.3641223272003977
1971-05-09,marathon,w,03:01:42.00,NA,NA,Elizabeth Bonner,United States,10902,181.7,3.0283333333333333,1.3552958727001492
1971-09-19,marathon,w,02:55:22.00,NA,NA,Elizabeth Bonner,United States,10522,175.36666666666667,2.9227777777777777,1.308055693684734
1971-12-05,marathon,w,02:49:40.00,NA,NA,Cheryl Bridges,United States,10180,169.66666666666666,2.827777777777778,1.2655395325708603
1973-12-02,marathon,w,02:46:36.00,NA,NA,Michiko Gorman,United States,9996,166.6,2.776666666666667,1.242665340626554
1974-10-27,marathon,w,02:46:24.00,NA,NA,Chantal Langlacé,France,9984,166.4,2.7733333333333334,1.2411735454997515
1974-12-01,marathon,w,02:43:54.50,NA,NA,Jacqueline Hansen,United States,9834.5,163.90833333333333,2.7318055555555554,1.2225882645450026
1975-04-21,marathon,w,02:42:24.00,NA,NA,Liane Winter,West Germany,9744,162.4,2.7066666666666666,1.2113376429636997
1975-05-03,marathon,w,02:40:15.80,NA,NA,Christa Vahlensieck,West Germany,9615.8,160.26333333333332,2.6710555555555553,1.1954002983590253
1975-10-12,marathon,w,02:38:19.00,NA,NA,Jacqueline Hansen,United States,9499,158.31666666666666,2.638611111111111,1.1808801591248135
1977-05-01,marathon,w,02:35:15.40,NA,NA,Chantal Langlacé,France,9315.4,155.25666666666666,2.587611111111111,1.158055693684734
1977-09-10,marathon,w,02:34:47.50,NA,NA,Christa Vahlensieck,West Germany,9287.5,154.79166666666666,2.579861111111111,1.154587270014918
1978-10-22,marathon,w,02:32:29.80,NA,NA,Grete Waitz,Norway,9149.8,152.49666666666664,2.541611111111111,1.1374689209348583
1979-10-21,marathon,w,02:27:32.60,NA,NA,Grete Waitz,Norway,8852.6,147.54333333333335,2.4590555555555556,1.100522128294381
1980-02-03,marathon,w,02:31:23.00,NA,NA,Joan Benoit,United States,9083,151.38333333333333,2.5230555555555556,1.1291645947289906
1980-09-06,marathon,w,02:30:57.10,NA,NA,Patti Catalano,United States,9057.1,150.95166666666668,2.515861111111111,1.1259448035803084
1980-10-26,marathon,w,02:25:41.30,NA,NA,Grete Waitz,Norway,8741.3,145.68833333333333,2.428138888888889,1.086685728493287
1980-11-16,marathon,w,02:30:27.00,NA,NA,Joyce Smith,United Kingdom,9027,150.45,2.5075,1.1222028841372451
1981-03-29,marathon,w,02:29:57.00,NA,NA,Joyce Smith,United Kingdom,8997,149.95,2.4991666666666665,1.1184733963202387
1981-10-25,marathon,w,02:25:28.00,NA,NA,Allison Roe,New Zealand,8728,145.46666666666667,2.4244444444444446,1.0850323222277474
1982-01-16,marathon,w,02:29:01.60,NA,NA,Charlotte Teske,West Germany,8941.6,149.02666666666667,2.483777777777778,1.1115862754848334
1982-09-12,marathon,w,02:26:12.00,NA,NA,Joan Benoit,United States,8772,146.2,2.4366666666666665,1.0905022376926903
1983-04-17,marathon,w,02:25:28.70,NA,NA,Grete Waitz,Norway,8728.7,145.47833333333335,2.424638888888889,1.0851193436101443
1983-04-18,marathon,w,02:22:43.00,NA,NA,Joan Benoit,United States,8563,142.71666666666667,2.3786111111111112,1.0645201392342118
1984-05-13,marathon,w,02:24:26.00,NA,NA,Ingrid Kristiansen,Norway,8666,144.43333333333334,2.4072222222222224,1.0773247140726008
1985-04-21,marathon,w,02:21:06.00,NA,NA,Ingrid Kristiansen,Norway,8466,141.1,2.3516666666666666,1.0524614619592243
1998-04-19,marathon,w,02:20:47.00,NA,NA,Tegla Loroupe,Kenya,8447,140.78333333333333,2.346388888888889,1.0500994530084535
1999-09-26,marathon,w,02:20:43.00,NA,NA,Tegla Loroupe,Kenya,8443,140.71666666666667,2.3452777777777776,1.0496021879661859
2001-09-30,marathon,w,02:19:46.00,NA,NA,Naoko Takahashi,Japan,8386,139.76666666666668,2.3294444444444444,1.0425161611138738
2001-10-07,marathon,w,02:18:47.00,NA,NA,Catherine Ndereba,Kenya,8327,138.78333333333333,2.3130555555555556,1.0351815017404276
2002-10-13,marathon,w,02:17:18.00,NA,NA,Paula Radcliffe,United Kingdom,8238,137.3,2.2883333333333336,1.024117354549975
2003-04-13,marathon,w,02:15:25.00,NA,NA,Paula Radcliffe,United Kingdom,8125,135.41666666666666,2.2569444444444446,1.0100696171059174
2005-04-17,marathon,w,02:17:42.00,NA,NA,Paula Radcliffe,Great Britain,8262,137.7,2.295,1.0271009448035804
2017-04-23,marathon,w,02:17:01.00,NA,NA,Mary Jepkosgei Keitany,Kenya,8221,137.01666666666668,2.283611111111111,1.022003978120338
2019-10-13,marathon,w,02:14:04.00,NA,NA,Brigid Kosgei,Kenya,8044,134.06666666666666,2.2344444444444442,1
1847-04-05,10000,m,00:32:35.00,NA,NA,William Howitt ,United Kingdom,1955,32.583333333333336,0.5430555555555555,1.2444302991725016
1882-03-25,10000,m,00:32:09.00,NA,NA,Walter George ,United Kingdom,1929,32.15,0.5358333333333334,1.2278803309993636
1884-04-07,10000,m,00:31:53.40,NA,NA,Walter George ,United Kingdom,1913.4,31.89,0.5315,1.2179503500954807
1884-07-28,10000,m,00:31:40.00,NA,NA,Walter George ,United Kingdom,1900,31.666666666666668,0.5277777777777778,1.20942075111394
1885-09-28,10000,m,00:31:23.10,NA,NA,William Cummings ,United Kingdom,1883.1,31.384999999999998,0.5230833333333333,1.1986632718014003
1904-11-05,10000,m,00:31:02.40,NA,NA,Alfred Shrubb ,United Kingdom,1862.4,31.040000000000003,0.5173333333333333,1.1854869509866328
1911-11-16,10000,m,00:30:58.80,NA,NA,Jean Bouin ,France,1858.8,30.98,0.5163333333333333,1.1831954169318906
1921-06-22,10000,m,00:30:40.20,NA,NA,Paavo Nurmi ,Finland,1840.2,30.67,0.5111666666666667,1.1713558243157225
1924-05-25,10000,m,00:30:35.40,NA,NA,Ville Ritola ,Finland,1835.4,30.59,0.5098333333333334,1.1683004455760662
1924-07-06,10000,m,00:30:23.20,NA,NA,Ville Ritola ,Finland,1823.2,30.386666666666667,0.5064444444444445,1.1605346912794399
1924-08-31,10000,m,00:30:06.20,NA,NA,Paavo Nurmi ,Finland,1806.2,30.103333333333335,0.5017222222222222,1.1497135582431572
1937-07-18,10000,m,00:30:05.60,NA,NA,Ilmari Salminen ,Finland,1805.6,30.09333333333333,0.5015555555555555,1.1493316359007002
1938-09-29,10000,m,00:30:02.00,NA,NA,Taisto Mäki ,Finland,1802,30.033333333333335,0.5005555555555555,1.147040101845958
1939-09-17,10000,m,00:29:52.60,NA,NA,Taisto Mäki ,Finland,1792.6,29.876666666666665,0.4979444444444444,1.141056651814131
1944-08-25,10000,m,00:29:35.40,NA,NA,Viljo Heino ,Finland,1775.4,29.59,0.4931666666666667,1.1301082113303629
1949-06-11,10000,m,00:29:28.20,NA,NA,Emil Zátopek ,Czechia,1768.2,29.470000000000002,0.4911666666666667,1.1255251432208784
1949-09-01,10000,m,00:29:27.20,NA,NA,Viljo Heino ,Finland,1767.2,29.453333333333333,0.4908888888888889,1.12488860598345
1949-10-22,10000,m,00:29:21.20,NA,NA,Emil Zátopek ,Czechia,1761.2,29.353333333333335,0.4892222222222222,1.1210693825588798
1950-08-04,10000,m,00:29:02.60,NA,NA,Emil Zátopek ,Czechia,1742.6,29.043333333333333,0.4840555555555555,1.1092297899427115
1953-11-01,10000,m,00:29:01.60,NA,NA,Emil Zátopek ,Czechia,1741.6,29.026666666666664,0.48377777777777775,1.1085932527052833
1954-06-01,10000,m,00:28:54.20,NA,NA,Emil Zátopek ,Czechia,1734.2,28.903333333333332,0.4817222222222222,1.1038828771483131
1956-07-15,10000,m,00:28:42.80,NA,NA,Sandor Iharos ,Hungary,1722.8,28.71333333333333,0.47855555555555557,1.0966263526416296
1956-09-11,10000,m,00:28:30.40,NA,NA,Vladimir Kuts ,Soviet Union,1710.4,28.506666666666668,0.47511111111111115,1.0887332908975176
1960-10-15,10000,m,00:28:18.80,NA,NA,Pyotr Bolotnikov ,Soviet Union,1698.8,28.313333333333333,0.47188888888888886,1.081349458943348
1962-08-11,10000,m,00:28:18.20,NA,NA,Pyotr Bolotnikov ,Soviet Union,1698.2,28.303333333333335,0.4717222222222222,1.0809675366008913
1963-12-18,10000,m,00:28:15.60,NA,NA,Ron Clarke ,Australia,1695.6,28.259999999999998,0.471,1.0793125397835772
1965-07-14,10000,m,00:27:39.40,NA,27:39.89,Ron Clarke ,Australia,1659.4,27.65666666666667,0.4609444444444445,1.0562698917886697
1972-09-03,10000,m,00:27:38.40,NA,27:38.35,Lasse Virén ,Finland,1658.4,27.64,0.46066666666666667,1.0556333545512413
1973-07-13,10000,m,00:27:30.80,NA,27:30.80,David Bedford ,United Kingdom,1650.8,27.513333333333332,0.45855555555555555,1.0507956715467854
1977-06-30,10000,m,00:27:30.50,NA,27:30.47,Samson Kimobwa ,Kenya,1650.5,27.508333333333333,0.4584722222222222,1.050604710375557
1978-06-11,10000,m,00:27:22.40,NA,27:22.47,Henry Rono ,Kenya,1642.4,27.373333333333335,0.45622222222222225,1.045448758752387
1984-07-02,10000,m,00:27:13.81,NA,NA,Fernando Mamede ,Portugal,1633.81,27.230166666666666,0.4538361111111111,1.0399809038828771
1989-08-18,10000,m,00:27:08.23,NA,NA,Arturo Barrios ,Mexico,1628.23,27.137166666666666,0.4522861111111111,1.0364290260980267
1993-07-05,10000,m,00:27:07.91,NA,NA,Richard Chelimo ,Kenya,1627.91,27.131833333333336,0.45219722222222225,1.0362253341820498
1993-07-10,10000,m,00:26:58.38,NA,NA,Yobes Ondieki ,Kenya,1618.38,26.973000000000003,0.44955,1.0301591343093572
1994-07-22,10000,m,00:26:52.23,NA,NA,William Sigei ,Kenya,1612.23,26.8705,0.4478416666666667,1.0262444302991724
1995-06-05,10000,m,00:26:43.53,NA,NA,Haile Gebrselassie ,Ethiopia,1603.53,26.7255,0.445425,1.0207065563335456
1996-08-23,10000,m,00:26:38.08,NA,NA,Salah Hissou ,Morocco,1598.08,26.634666666666664,0.4439111111111111,1.0172374283895607
1997-07-04,10000,m,00:26:31.32,NA,NA,Haile Gebrselassie ,Ethiopia,1591.32,26.522,0.44203333333333333,1.0129344366645447
1997-08-22,10000,m,00:26:27.85,NA,NA,Paul Tergat ,Kenya,1587.85,26.464166666666664,0.4410694444444444,1.0107256524506683
1998-06-01,10000,m,00:26:22.75,NA,NA,Haile Gebrselassie ,Ethiopia,1582.75,26.379166666666666,0.4396527777777778,1.0074793125397836
2004-06-08,10000,m,00:26:20.31,NA,NA,Kenenisa Bekele ,Ethiopia,1580.31,26.3385,0.438975,1.0059261616804582
2005-08-26,10000,m,00:26:17.53,NA,NA,Kenenisa Bekele ,Ethiopia,1577.53,26.292166666666667,0.4382027777777778,1.0041565881604073
2020-10-07,10000,m,00:26:11.00,NA,NA,Joshua Cheptegei ,Uganda,1571,26.183333333333334,0.4363888888888889,1
1966-06-01,10000,w,00:39:25.00,NA,NA,Gertrud Schmidt ,Germany,2365,39.416666666666664,0.6569444444444444,1.3456997354121027
1966-06-02,10000,w,00:39:10.00,NA,NA,Hannelore Middeke ,Germany,2350,39.166666666666664,0.6527777777777778,1.3371646419528294
1967-03-26,10000,w,00:38:06.40,NA,NA,Ann O'Brien ,Ireland,2286.4,38.10666666666667,0.6351111111111112,1.3009758456855103
1970-05-09,10000,w,00:35:30.50,NA,NA,Paola Pigni ,Italy,2130.5,35.50833333333333,0.5918055555555556,1.2122677743321288
1971-06-12,10000,w,00:34:51.00,NA,NA,Kathy Gibbons ,United States of America,2091,34.85,0.5808333333333333,1.189792028222709
1975-03-29,10000,w,00:35:00.40,NA,NA,Julie Brown ,United States of America,2100.4,35.00666666666667,0.5834444444444444,1.1951406867905203
1975-08-20,10000,w,00:34:01.40,NA,NA,Christa Vahlensieck ,West Germany,2041.4,34.02333333333333,0.5670555555555555,1.161569319184045
1977-03-19,10000,w,00:33:34.17,NA,NA,Loa Olafsson ,Denmark,2014.17,33.5695,0.5594916666666667,1.1460752795243108
1977-06-09,10000,w,00:33:15.09,NA,NA,Peg Neppel ,United States of America,1995.09,33.2515,0.5541916666666666,1.135218640644115
1978-01-22,10000,w,00:32:43.20,NA,NA,Natalia Mărăşescu ,Romania,1963.2,32.72,0.5453333333333333,1.1170730319496998
1978-04-06,10000,w,00:31:45.40,NA,NA,Loa Olafsson ,Denmark,1905.4,31.756666666666668,0.5292777777777778,1.0841844718199665
1981-08-07,10000,w,00:32:30.80,NA,NA,Olga Krentser ,Soviet Union,1950.8,32.513333333333335,0.5418888888888889,1.1100173546900338
1981-10-19,10000,w,00:32:17.20,NA,NA,Yelena Sipatova ,Soviet Union,1937.2,32.28666666666667,0.5381111111111111,1.102278869953626
1982-07-16,10000,w,00:31:35.30,NA,NA,Mary Decker-Slaney ,United States of America,1895.3,31.58833333333333,0.5264722222222222,1.0784375088907223
1983-05-29,10000,w,00:31:35.01,NA,NA,Lyudmila Baranova ,Soviet Union,1895.01,31.5835,0.5263916666666667,1.078272497083843
1983-09-07,10000,w,00:31:27.58,NA,NA,Raisa Sadreydinova ,Soviet Union,1887.58,31.459666666666667,0.5243277777777777,1.0740447807903495
1984-06-24,10000,w,00:31:13.78,NA,NA,Olga Bondarenko ,Soviet Union,1873.78,31.229666666666667,0.5204944444444445,1.066192494807818
1985-07-27,10000,w,00:30:59.42,NA,NA,Ingrid Kristiansen ,Norway,1859.42,30.990333333333336,0.5165055555555556,1.0580215653361404
1986-07-05,10000,w,00:30:13.74,NA,NA,Ingrid Kristiansen ,Norway,1813.74,30.229,0.5038166666666667,1.0320293607214999
1993-09-08,10000,w,00:29:31.78,NA,NA,Wang Junxia ,China,1771.78,29.529666666666667,0.4921611111111111,1.0081538592847592
2016-08-12,10000,w,00:29:17.45,NA,NA,Almaz Ayana ,Ethiopia,1757.45,29.290833333333335,0.48818055555555556,1
1893-05-28,1500,m,00:04:21.00,NA,NA,Fernand Meiers ,France,261,4.35,0.0725,1.266990291262136
1894-07-22,1500,m,00:04:19.80,NA,NA,Felix Bourdier ,France,259.8,4.33,0.07216666666666667,1.2611650485436894
1895-05-12,1500,m,00:04:18.40,NA,NA,Albin Lermusiaux ,France,258.4,4.306666666666667,0.07177777777777777,1.254368932038835
1895-05-26,1500,m,00:04:16.80,NA,NA,Michel Soalhat ,France,256.8,4.28,0.07133333333333333,1.2466019417475729
1895-08-26,1500,m,00:04:15.60,NA,NA,Thomas Conneff ,United States of America,255.6,4.26,0.071,1.2407766990291262
1896-06-26,1500,m,00:04:10.40,NA,NA,Albin Lermusiaux ,France,250.4,4.173333333333334,0.06955555555555555,1.2155339805825243
1900-05-30,1500,m,00:04:09.00,NA,NA,John Bray ,United States of America,249,4.15,0.06916666666666667,1.2087378640776698
1900-07-15,1500,m,00:04:06.20,NA,NA,Charles Bennett ,United Kingdom,246.2,4.1033333333333335,0.06838888888888889,1.1951456310679611
1904-09-03,1500,m,00:04:05.40,NA,NA,James Lightbody ,United States of America,245.4,4.09,0.06816666666666667,1.19126213592233
1908-05-30,1500,m,00:03:59.80,NA,NA,Harold Wilson ,United Kingdom,239.8,3.996666666666667,0.06661111111111112,1.1640776699029127
1912-05-26,1500,m,00:03:59.20,NA,NA,Abel Kiviat ,United States of America,239.2,3.9866666666666664,0.06644444444444444,1.1611650485436893
1912-06-01,1500,m,00:03:56.80,NA,NA,Abel Kiviat ,United States of America,236.8,3.9466666666666668,0.06577777777777778,1.1495145631067962
1912-06-08,1500,m,00:03:55.80,NA,NA,Abel Kiviat ,United States of America,235.8,3.93,0.0655,1.1446601941747574
1917-08-05,1500,m,00:03:54.70,NA,NA,John Zander ,Sweden,234.7,3.9116666666666666,0.06519444444444444,1.1393203883495144
1924-06-19,1500,m,00:03:52.60,NA,NA,Paavo Nurmi ,Finland,232.6,3.8766666666666665,0.0646111111111111,1.129126213592233
1926-09-11,1500,m,00:03:51.00,NA,NA,Otto Peltzer ,Germany,231,3.85,0.06416666666666666,1.1213592233009708
1930-10-05,1500,m,00:03:49.20,NA,NA,Jules Ladoumegue ,France,229.2,3.82,0.06366666666666666,1.112621359223301
1933-09-09,1500,m,00:03:49.20,NA,NA,Luigi Beccali ,Italy,229.2,3.82,0.06366666666666666,1.112621359223301
1933-09-17,1500,m,00:03:49.00,NA,NA,Luigi Beccali ,Italy,229,3.816666666666667,0.0636111111111111,1.1116504854368932
1934-06-30,1500,m,00:03:48.80,NA,NA,Bill Bonthron ,United States of America,228.8,3.8133333333333335,0.06355555555555556,1.1106796116504856
1936-08-06,1500,m,00:03:47.80,NA,NA,Jack Lovelock ,New Zealand,227.8,3.796666666666667,0.06327777777777778,1.1058252427184467
1941-08-10,1500,m,00:03:47.60,NA,NA,Gunder Hägg ,Sweden,227.6,3.7933333333333334,0.06322222222222222,1.1048543689320387
1942-07-17,1500,m,00:03:45.80,NA,NA,Gunder Hägg ,Sweden,225.8,3.7633333333333336,0.06272222222222222,1.096116504854369
1943-08-17,1500,m,00:03:45.00,NA,NA,Arne Andersson ,Sweden,225,3.75,0.0625,1.0922330097087378
1944-07-07,1500,m,00:03:43.00,NA,NA,Gunder Hägg ,Sweden,223,3.716666666666667,0.06194444444444445,1.0825242718446602
1947-07-15,1500,m,00:03:43.00,NA,NA,Lennart Strand ,Sweden,223,3.716666666666667,0.06194444444444445,1.0825242718446602
1952-06-29,1500,m,00:03:43.00,NA,NA,Werner Lueg ,West Germany,223,3.716666666666667,0.06194444444444445,1.0825242718446602
1954-06-04,1500,m,00:03:42.80,NA,NA,Wes Santee ,United States of America,222.8,3.7133333333333334,0.06188888888888889,1.0815533980582526
1954-06-21,1500,m,00:03:41.80,NA,NA,John Landy ,Australia,221.8,3.6966666666666668,0.061611111111111116,1.0766990291262137
1955-07-28,1500,m,00:03:40.80,NA,NA,Sándor Iharos ,Hungary,220.8,3.68,0.06133333333333334,1.071844660194175
1955-09-06,1500,m,00:03:40.80,NA,NA,László Tábori ,Hungary,220.8,3.68,0.06133333333333334,1.071844660194175
1955-09-06,1500,m,00:03:40.80,NA,NA,Gunnar Nielsen ,Denmark,220.8,3.68,0.06133333333333334,1.071844660194175
1956-08-03,1500,m,00:03:40.60,NA,NA,István Rózsavölgyi ,Hungary,220.6,3.6766666666666667,0.06127777777777778,1.0708737864077669
1957-07-11,1500,m,00:03:40.20,NA,NA,Olavi Salsola ,Finland,220.2,3.67,0.06116666666666666,1.0689320388349515
1957-07-11,1500,m,00:03:40.20,NA,NA,Olavi Salonen ,Finland,220.2,3.67,0.06116666666666666,1.0689320388349515
1957-07-12,1500,m,00:03:38.10,NA,NA,Stanislav Jungwirth ,Czechoslovakia,218.1,3.635,0.06058333333333333,1.05873786407767
1958-08-28,1500,m,00:03:36.00,NA,NA,Herb Elliott ,Australia,216,3.6,0.06,1.0485436893203883
1960-09-06,1500,m,00:03:35.60,NA,NA,Herb Elliott ,Australia,215.6,3.5933333333333333,0.05988888888888889,1.0466019417475727
1967-07-08,1500,m,00:03:33.10,NA,NA,Jim Ryun ,United States of America,213.1,3.5516666666666667,0.059194444444444445,1.0344660194174757
1974-02-02,1500,m,00:03:32.20,NA,3:32.16,Filbert Bayi ,Tanzania,212.2,3.5366666666666666,0.05894444444444444,1.0300970873786408
1979-08-15,1500,m,00:03:32.10,NA,3:32.03,Sebastian Coe ,United Kingdom,212.1,3.5349999999999997,0.058916666666666666,1.029611650485437
1980-07-15,1500,m,00:03:32.10,NA,3:32.09,Steve Ovett ,United Kingdom,212.1,3.5349999999999997,0.058916666666666666,1.029611650485437
1980-08-27,1500,m,00:03:31.40,NA,3:31.36,Steve Ovett ,United Kingdom,211.4,3.5233333333333334,0.058722222222222224,1.0262135922330098
1983-08-28,1500,m,00:03:31.24,NA,NA,Sydney Maree ,United States of America,211.24,3.5206666666666666,0.05867777777777778,1.0254368932038835
1983-09-04,1500,m,00:03:30.77,NA,NA,Steve Ovett ,United Kingdom,210.77,3.5128333333333335,0.05854722222222222,1.0231553398058253
1985-07-16,1500,m,00:03:29.67,NA,NA,Steve Cram ,United Kingdom,209.67000000000002,3.4945000000000004,0.05824166666666667,1.0178155339805826
1985-08-23,1500,m,00:03:29.46,NA,NA,Saïd Aouita ,Morocco,209.46,3.491,0.05818333333333334,1.0167961165048545
1992-09-06,1500,m,00:03:28.86,NA,NA,Noureddine Morceli ,Algeria,208.86,3.4810000000000003,0.05801666666666667,1.013883495145631
1995-07-12,1500,m,00:03:27.37,NA,NA,Noureddine Morceli ,Algeria,207.37,3.456166666666667,0.05760277777777778,1.0066504854368932
1998-07-14,1500,m,00:03:26.00,NA,NA,Hicham El Guerrouj ,Morocco,206,3.433333333333333,0.05722222222222222,1
1927-08-19,1500,w,00:05:18.20,NA,NA,Anna Mushkina ,Soviet Union,318.2,5.303333333333333,0.08838888888888889,1.3830573303777112
1934-09-16,1500,w,00:05:07.00,NA,NA,Anna Mushkina ,Soviet Union,307,5.116666666666666,0.08527777777777777,1.334376494110488
1936-07-13,1500,w,00:05:02.00,NA,NA,Lydia Freiberg ,Soviet Union,302,5.033333333333333,0.08388888888888889,1.3126439779197636
1936-07-30,1500,w,00:04:47.20,NA,NA,Yevdokiya Vasilyeva ,Soviet Union,287.2,4.786666666666666,0.07977777777777778,1.2483157299952188
1937-09-13,1500,w,00:04:45.20,NA,NA,Yevdokiya Vasilyeva ,Soviet Union,285.2,4.753333333333333,0.07922222222222222,1.239622723518929
1940-06-10,1500,w,00:04:41.80,NA,NA,Anna Zaytseva-Bosenko ,Soviet Union,281.8,4.696666666666667,0.07827777777777778,1.2248446125092365
1944-08-17,1500,w,00:04:38.00,NA,NA,Yevdokiya Vasilyeva ,Soviet Union,278,4.633333333333334,0.07722222222222222,1.2083279002042857
1946-09-15,1500,w,00:04:37.80,NA,NA,Olga Ovsyannikova ,Soviet Union,277.8,4.63,0.07716666666666668,1.2074585995566567
1952-08-30,1500,w,00:04:37.00,NA,NA,Nina Pletnyova ,Soviet Union,277,4.616666666666666,0.07694444444444444,1.2039813969661408
1956-05-17,1500,w,00:04:35.40,NA,NA,Phyllis Perkins ,United Kingdom,275.4,4.59,0.0765,1.1970269917851089
1957-05-16,1500,w,00:04:30.00,NA,NA,Diane Leather ,United Kingdom,270,4.5,0.075,1.1735558742991263
1957-07-19,1500,w,00:04:29.70,NA,NA,Diane Leather ,United Kingdom,269.7,4.495,0.07491666666666666,1.172251923327683
1962-12-08,1500,w,00:04:19.00,NA,NA,Marise Chamberlain ,New Zealand,259,4.316666666666666,0.07194444444444445,1.1257443386795323
1967-06-03,1500,w,00:04:17.30,NA,NA,Anne Smith ,United Kingdom,257.3,4.288333333333333,0.07147222222222223,1.1183552831746861
1967-10-24,1500,w,00:04:15.60,NA,NA,Maria Gommers ,Netherlands,255.6,4.26,0.071,1.1109662276698395
1969-07-02,1500,w,00:04:12.40,NA,NA,Paola Pigni ,Italy,252.4,4.206666666666667,0.07011111111111111,1.097057417307776
1969-09-20,1500,w,00:04:10.70,NA,4:10.77,Jaroslava Jehličková ,Czechia,250.7,4.178333333333333,0.06963888888888889,1.0896683618029295
1971-08-15,1500,w,00:04:09.60,NA,4:09.62,Karin Burneleit ,East Germany,249.6,4.16,0.06933333333333333,1.0848872082409702
1972-07-18,1500,w,00:04:06.90,NA,NA,Ludmila Bragina ,Soviet Union,246.9,4.115,0.06858333333333333,1.073151649497979
1972-09-04,1500,w,00:04:06.50,NA,4:06.47,Ludmila Bragina ,Soviet Union,246.5,4.108333333333333,0.06847222222222223,1.0714130482027209
1972-09-07,1500,w,00:04:05.10,NA,4:05.07,Ludmila Bragina ,Soviet Union,245.1,4.085,0.06808333333333333,1.065327943669318
1972-09-09,1500,w,00:04:01.40,NA,4:01.38,Ludmila Bragina ,Soviet Union,241.4,4.023333333333333,0.06705555555555556,1.049245881688182
1976-06-28,1500,w,00:03:56.00,NA,NA,Tatyana Kazankina ,Soviet Union,236,3.933333333333333,0.06555555555555556,1.0257747642021993
1980-07-06,1500,w,00:03:55.00,NA,NA,Tatyana Kazankina ,Soviet Union,235,3.9166666666666665,0.06527777777777778,1.0214282609640544
1980-08-03,1500,w,00:03:52.47,NA,NA,Tatyana Kazankina ,Soviet Union,232.47,3.8745,0.064575,1.0104316077715478
1993-09-11,1500,w,00:03:50.46,NA,NA,Qu Yunxia ,China,230.46,3.841,0.06401666666666667,1.0016951362628765
2015-07-17,1500,w,00:03:50.07,NA,NA,Genzebe Dibaba ,Ethiopia,230.07,3.8345,0.06390833333333333,1
1897-10-31,5000,m,00:16:34.60,NA,NA,George Touquet-Daunis ,France,994.6,16.576666666666668,0.2762777777777778,1.3167231518746028
1899-05-22,5000,m,00:16:29.20,NA,NA,George Touquet-Daunis ,France,989.2,16.486666666666668,0.2747777777777778,1.309574242745181
1900-07-22,5000,m,00:15:29.80,NA,NA,Charles Bennett ,United Kingdom,929.8,15.496666666666666,0.2582777777777778,1.230936242321542
1904-06-13,5000,m,00:14:59.00,NA,NA,Alfred Shrubb ,United Kingdom,899,14.983333333333333,0.24972222222222223,1.190160982842618
1912-07-10,5000,m,00:14:36.60,NA,NA,Hannes Kolehmainen ,Finland,876.6,14.610000000000001,0.2435,1.160506248676128
1922-09-12,5000,m,00:14:35.40,NA,NA,Paavo Nurmi ,Finland,875.4,14.59,0.24316666666666667,1.158917602202923
1924-06-19,5000,m,00:14:28.20,NA,NA,Paavo Nurmi ,Finland,868.2,14.47,0.24116666666666667,1.1493857233636942
1932-06-19,5000,m,00:14:17.00,NA,NA,Lauri Lehtinen ,Finland,857,14.283333333333333,0.23805555555555555,1.134558356280449
1939-06-16,5000,m,00:14:08.80,NA,NA,Taisto Mäki ,Finland,848.8,14.146666666666667,0.23577777777777775,1.123702605380216
1942-09-20,5000,m,00:13:58.20,NA,NA,Gunder Hägg ,Sweden,838.2,13.97,0.23283333333333334,1.1096695615335734
1954-05-30,5000,m,00:13:57.20,NA,NA,Emil Zátopek ,Czechoslovakia,837.2,13.953333333333335,0.23255555555555557,1.1083456894725694
1954-08-29,5000,m,00:13:56.60,NA,NA,Vladimir Kuts ,Soviet Union,836.6,13.943333333333333,0.2323888888888889,1.107551366235967
1954-10-13,5000,m,00:13:51.60,NA,NA,Chris Chataway ,United Kingdom,831.6,13.860000000000001,0.231,1.1009320059309469
1954-10-23,5000,m,00:13:51.20,NA,NA,Vladimir Kuts ,Soviet Union,831.2,13.853333333333333,0.2308888888888889,1.1004024571065452
1955-09-10,5000,m,00:13:50.80,NA,NA,Sandor Iharos ,Hungary,830.8,13.846666666666666,0.23077777777777778,1.0998729082821435
1955-09-18,5000,m,00:13:46.80,NA,NA,Vladimir Kuts ,Soviet Union,826.8,13.78,0.22966666666666666,1.0945774200381275
1955-10-23,5000,m,00:13:40.60,NA,NA,Sandor Iharos ,Hungary,820.6,13.676666666666668,0.22794444444444445,1.0863694132599027
1956-06-19,5000,m,00:13:36.80,NA,NA,Gordon Pirie ,United Kingdom,816.8,13.613333333333333,0.2268888888888889,1.0813386994280871
1957-10-13,5000,m,00:13:35.00,NA,NA,Vladimir Kuts ,Soviet Union,815,13.583333333333334,0.2263888888888889,1.07895572971828
1965-01-16,5000,m,00:13:34.80,NA,NA,Ron Clarke ,Australia,814.8,13.58,0.22633333333333333,1.078690955306079
1965-02-01,5000,m,00:13:33.60,NA,NA,Ron Clarke ,Australia,813.6,13.56,0.226,1.0771023088328744
1965-06-04,5000,m,00:13:25.80,NA,NA,Ron Clarke ,Australia,805.8,13.43,0.22383333333333333,1.066776106757043
1965-11-30,5000,m,00:13:24.20,NA,NA,Kipchoge Keino ,Kenya,804.2,13.403333333333334,0.22338888888888891,1.0646579114594366
1966-07-05,5000,m,00:13:16.60,NA,NA,Ron Clarke ,Australia,796.6,13.276666666666667,0.2212777777777778,1.054596483795806
1972-09-14,5000,m,00:13:16.40,NA,NA,Lasse Virén ,Finland,796.4,13.273333333333333,0.2212222222222222,1.054331709383605
1972-09-20,5000,m,00:13:13.00,NA,NA,Emiel Puttemans ,Belgium,793,13.216666666666667,0.22027777777777777,1.0498305443761915
1977-07-05,5000,m,00:13:12.90,NA,NA,Dick Quax ,New Zealand,792.9,13.215,0.22025,1.049698157170091
1978-04-08,5000,m,00:13:08.40,NA,NA,Henry Rono ,Kenya,788.4,13.139999999999999,0.219,1.043740732895573
1981-09-13,5000,m,00:13:06.20,NA,NA,Henry Rono ,Kenya,786.2,13.103333333333333,0.2183888888888889,1.040828214361364
1982-07-07,5000,m,00:13:00.41,NA,NA,David Moorcroft ,United Kingdom,780.41,13.006833333333333,0.21678055555555556,1.0331629951281507
1985-07-22,5000,m,00:13:00.40,NA,NA,Saïd Aouita ,Morocco,780.4,13.006666666666666,0.21677777777777776,1.0331497564075407
1987-07-27,5000,m,00:12:58.39,NA,NA,Saïd Aouita ,Morocco,778.39,12.973166666666666,0.21621944444444444,1.0304887735649226
1994-06-04,5000,m,00:12:56.96,NA,NA,Haile Gebrselassie ,Ethiopia,776.96,12.949333333333334,0.21582222222222222,1.028595636517687
1995-06-08,5000,m,00:12:55.30,NA,NA,Moses Kiptanui ,Kenya,775.3,12.921666666666665,0.2153611111111111,1.0263980088964202
1995-08-16,5000,m,00:12:44.39,NA,NA,Haile Gebrselassie ,Ethiopia,764.39,12.739833333333333,0.21233055555555555,1.0119545647108663
1997-08-13,5000,m,00:12:41.86,NA,NA,Haile Gebrselassie ,Ethiopia,761.86,12.697666666666667,0.21162777777777778,1.0086051683965263
1997-08-22,5000,m,00:12:39.74,NA,NA,Daniel Komen ,Kenya,759.74,12.662333333333333,0.2110388888888889,1.0057985596271977
1998-06-13,5000,m,00:12:39.36,NA,NA,Haile Gebrselassie ,Ethiopia,759.36,12.656,0.21093333333333333,1.0052954882440162
2004-05-31,5000,m,00:12:37.35,NA,NA,Kenenisa Bekele ,Ethiopia,757.35,12.6225,0.210375,1.002634505401398
2020-08-14,5000,m,00:12:35.36,NA,NA,Joshua Cheptegei ,Uganda,755.36,12.589333333333334,0.20982222222222222,1
1969-05-11,5000,w,00:16:17.40,NA,NA,Paola Pigni ,Italy,977.4,16.29,0.2715,1.1544730811934516
1969-09-02,5000,w,00:15:53.60,NA,NA,Paola Pigni ,Italy,953.6,15.893333333333334,0.2648888888888889,1.1263612955044766
1977-03-16,5000,w,00:15:41.40,NA,NA,Natalia Mărășescu ,Romania,941.4,15.69,0.2615,1.111951052420212
1977-07-11,5000,w,00:15:37.00,NA,NA,Janice Merrill ,United States of America,937,15.616666666666667,0.2602777777777778,1.1067539155701496
1978-05-26,5000,w,00:15:35.52,NA,NA,Kathy Mills ,United States of America,935.52,15.592,0.25986666666666663,1.105005787720583
1979-05-19,5000,w,00:15:33.80,NA,NA,Janice Merrill ,United States of America,933.8,15.563333333333333,0.2593888888888889,1.1029741796791948
1980-03-22,5000,w,00:15:30.60,NA,NA,Janice Merrill ,United States of America,930.6,15.51,0.2585,1.0991944437882404
1981-07-11,5000,w,00:15:28.43,NA,NA,Ingrid Kristiansen ,Norway,928.43,15.473833333333333,0.2578972222222222,1.0966313103871865
1981-09-06,5000,w,00:15:24.60,NA,NA,Yelena Sipatova ,Soviet Union,924.6,15.41,0.25683333333333336,1.0921074389927004
1981-09-13,5000,w,00:15:14.51,NA,NA,Paula Fudge ,United Kingdom,914.51,15.241833333333334,0.25403055555555554,1.080189459261534
1982-03-17,5000,w,00:15:13.22,NA,NA,Anne Audain ,New Zealand,913.22,15.220333333333334,0.25367222222222224,1.078665753230493
1982-07-05,5000,w,00:15:08.26,NA,NA,Mary Decker-Slaney ,United States of America,908.26,15.137666666666666,0.25229444444444443,1.0728071625995133
1984-06-28,5000,w,00:14:58.89,NA,NA,Ingrid Kristiansen ,Norway,898.89,14.9815,0.24969166666666667,1.061739623443812
1985-08-26,5000,w,00:14:48.07,NA,NA,Zola Budd ,United Kingdom,888.07,14.801166666666667,0.24668611111111113,1.0489593914625217
1986-08-05,5000,w,00:14:37.33,NA,NA,Ingrid Kristiansen ,Norway,877.33,14.622166666666667,0.2437027777777778,1.0362736528785053
1995-07-22,5000,w,00:14:36.45,NA,NA,Fernanda Ribeiro ,Portugal,876.45,14.6075,0.24345833333333333,1.0352342255084925
1997-10-21,5000,w,00:14:31.27,NA,NA,Dong Yanmei ,China,871.27,14.521166666666666,0.24201944444444443,1.0291157780350098
1997-10-23,5000,w,00:14:28.09,NA,NA,Jiang Bo ,China,868.09,14.468166666666667,0.2411361111111111,1.0253596654933737
2004-06-11,5000,w,00:14:24.68,NA,NA,Elvan Abeylegesse ,Turkey,864.68,14.411333333333333,0.24018888888888887,1.0213318844345751
2006-06-03,5000,w,00:14:24.53,NA,NA,Meseret Defar ,Ethiopia,864.53,14.408833333333332,0.2401472222222222,1.0211547093146867
2007-06-15,5000,w,00:14:16.63,NA,NA,Meseret Defar ,Ethiopia,856.63,14.277166666666666,0.23795277777777776,1.0118234863338924
2008-06-06,5000,w,00:14:11.15,NA,NA,Tirunesh Dibaba ,Ethiopia,851.15,14.185833333333333,0.23643055555555556,1.0053506886206327
2020-10-07,5000,w,00:14:06.62,NA,NA,Letesenbet Gidey ,Ethiopia,846.62,14.110333333333333,0.23517222222222223,1
